Nome Fantasia;CNPJ;Porte;UF;Localidade;Email Comercial
BALNEARIO E CAMPING DO GORDO;00.466.148/0001-16;MICROEMPRESA;MS;Bonito;habitat_engenharia@yahoo.com.br
Itamatamirim Parque;00.735.853/0001-71;MICROEMPRESA;PE;Vitória de Santo Antão;itamatamirim@gmail.com
CAMPING DAS GAÚCHAS;01.489.941/0001-01;MICROEMPRESA;SP;Ibiúna;ffpltda@gmail.com
PARQUE DA CACHOEIRA;01.566.818/0001-39;MICROEMPRESA;RS;São Francisco de Paula;parquedacachoeira@hotmail.com
SOLAR DA ÁGUIA;01.579.202/0001-00;MICROEMPRESA;DF;Brasília;solardaaguia@hotmail.com
SITIO BORALA;02.784.666/0001-03;DEMAIS;CE;Amontada;RAFAELGTCONTABILIDADE@GMAIL.COM
CAMPING PALMEIRAS II;03.178.658/0001-86;MICROEMPRESA;MS;Coxim;sergiopalmeiras2@hotmail.com
CAMPING JACARE;03.445.428/0001-36;MICROEMPRESA;SP;Brotas;campingjacare@campingjacare.com.br
Grupo Peraltas Ltda.;04.153.931/0001-80;DEMAIS;SP;São Paulo;sergio@peraltas.com.br
CAMPING DO JOAO;04.179.359/0001-29;MICROEMPRESA;SP;Ubatuba;FISCAL.MADRIZHA@HOTMAIL.COM
BOMBINHAS POUSADA CAMPING E EVENTOS ESPORTIVOS;05.101.909/0001-50;MICROEMPRESA;SC;Bombinhas;contato@travessiasbombinhas.com.br
SITIO POUSADA;05.432.543/0001-00;MICROEMPRESA;SC;Chapecó;sitiopousada@gmail.com
CAMPING SOMBRA DOS COQUEIRAIS;05.438.848/0001-10;MICROEMPRESA;RJ;Angra dos Reis;contato@campingsombradoscoqueirais.com.br
SEU ASSIS CAMPING E BALNEÁRIO JARDIM;05.588.367/0001-91;MICROEMPRESA;MS;Jardim;henriquetascherer@gmail.com
TERMAS DO JEQUITIBA;05.679.700/0001-78;MICROEMPRESA;GO;Colinas do Sul;CONT.FLEURY@HOTMAIL.COM
ACAMPAMENTO VISTA ALEGRE;05.729.189/0001-71;MICROEMPRESA;SP;Barrinha;va@vistaalegre.tur.br
O PESCADOR ESPORTIVO;05.736.340/0001-07;DEMAIS;AM;Barcelos;RODRYGONOVO@GMAIL.COM
CAMPING DO LUCIO;05.776.195/0001-80;MICROEMPRESA;RJ;Angra dos Reis;campingdolucio@hotmail.com
ACAMPAMENTO RIO SELVAGEM;05.870.956/0001-68;MICROEMPRESA;SP;Juquitiba;anastockler@rioselvagem.com.br
SITIO DA PEDRA MIUDA;06.951.385/0001-59;MICROEMPRESA;RJ;Ilha Grande;rioartepopular@hotmail.com
BALNEARIO CHICO ALFEREZ;07.032.029/0001-02;MICROEMPRESA;RS;Porto Vera Cruz;eliomarlvieira@gmail.com
TERMAS DO CALDAS;07.445.273/0001-99;DEMAIS;CE;Barbalha;financeiro@termasdocaldas.com.br
RODODUDA;08.058.496/0001-66;MICROEMPRESA;SC;Itá;campingaquaparque@gmail.com
Cabanas paraiso ;08.305.980/0001-42;MICROEMPRESA;RJ;Angra dos Reis;cabanas@cabanasparaiso.com
SOUSA CAMPING E PESCA;08.811.596/0001-11;MICROEMPRESA;SC;Iporã do Oeste;pontodolazer@hotmail.com
CAMPING RIO BELO;08.932.799/0001-66;MICROEMPRESA;RS;Caxias do Sul;CONTATO@RIOBELLO.COM.BR
camping pousada sitio usina velha;09.664.420/0001-47;MICROEMPRESA;SP;Ubatuba;campinguv@gmail.com
SIRIUCAMPING;10.497.607/0001-82;MICROEMPRESA;SC;Garopaba;siriucamping@gmail.com
CAMPING SCHEDLER;10.538.229/0001-38;MICROEMPRESA;RS;Forquetinha;alexandre_xole@hotmail.com
HOTEL FAZENDA MINUANO;10.698.945/0001-82;MICROEMPRESA;RO;Mocambo;uesleyiead@gmail.com
CAMPING & POUSADA ENCANTO DAS AGUAS;10.750.155/0001-07;MICROEMPRESA;SC;Jacinto Machado;CP.ENCANTODASAGUAS@GMAIL.COM
CAMPING DO SOSSEGO;10.944.002/0001-92;MICROEMPRESA;MG;Bueno Brandão;NIKEPEDRO@HOTMAIL.COM
CAMPING OFICINA DO SOM;11.217.843/0001-60;MICROEMPRESA;RJ;Paraty;campingoficinadosom@hotmail.com
GALE BEACH LOUNGE;11.417.069/0001-31;MICROEMPRESA;SC;Bombinhas;galebeach@hotmail.com
PADANG SURF CAMPING;11.466.491/0001-87;MICROEMPRESA;SP;Ubatuba;niceubatuba@hotmail.com
RANCHO NOVA VIDA;11.615.807/0001-55;MICROEMPRESA;PB;Areia;ranchonovavida@hotmail.com
Camping Jatobá;11.769.024/0001-26;MICROEMPRESA;RJ;Sana;campingjatobasana.rj@gmail.com
BALNEARIO E PARQUE OASIS DE EXTREMOZ;11.808.083/0001-66;MICROEMPRESA;RN;Extremoz;balneario.o.p.extremoz@gmail.com
Jaime augusto da cruz 77534824168;11.866.125/0001-15;MICROEMPRESA;GO;Vila Propício;turismovp@hotmail.com
SURFCAMP GODXTREME;12.089.984/0001-08;MICROEMPRESA;PR;Pontal do Paraná;jorginhoasc@hotmail.com
CANELA BEACH;12.328.892/0001-33;MICROEMPRESA;TO;Palmas;planet_emp@hotmail.com
EDUARDO ALCEU;13.332.963/0001-34;MICROEMPRESA;MG;São Tiago;eduardoalceufg@gmail.com
CAMPING PACHAMAMA;13.368.180/0001-00;MICROEMPRESA;GO;Alto Paraíso de Goiás;smilike.kelly@gmail.com
IMPERIO DAS SERRAS;13.558.495/0001-10;MICROEMPRESA;TO;Ponte Alta do Bom Jesus;sudestedotocantins@gmail.com
POUSADA PARK IMPUCU;13.589.937/0001-96;MICROEMPRESA;SC;Ipuaçu;arnaldo@ipuacupark.com.br
ILHA CANELA BEACH;13.612.074/0001-20;MICROEMPRESA;TO;Palmas;ILHACANELA@HOTMAIL.COM
VALE RADICAL;13.688.493/0001-46;MICROEMPRESA;SP;Cunha;lucasabdallalima@gmail.com
RANCHO POR DO SOL;13.873.063/0001-02;MICROEMPRESA;SP;São José do Barreiro;ranchopordosol@hotmail.com
PRAUDE TURISMO E SERVIÇOS;13.887.624/0001-14;MICROEMPRESA;GO;Cavalcante;hostelcavalcante@gmail.com
R F S DE MAGALHÃES CAMPING E SERVIÇOS - ME;14.816.529/0001-92;MICROEMPRESA;RJ;Ilha Grande;contato@alfacamping.com.br
POUSADA ESTANCIA DA MATA;15.098.341/0001-19;MICROEMPRESA;MT;Nobres;estanciadamata@hotmail.com
CONSERTAMOS DISCO VOADOR;15.347.658/0001-41;MICROEMPRESA;GO;Alto Paraíso de Goiás;surfbrasilia@gmail.com
CAMPING RAIO DE SOL;16.506.496/0001-00;MICROEMPRESA;RJ;Ilha Grande;campingraiodesol@gmail.com
CAMPING CANARINHO;16.600.284/0001-97;MICROEMPRESA;MG;Capitólio;campingcanarinho@hotmail.com
PRAINHA/RANCHO DA CONSUELO;16.771.484/0001-02;MICROEMPRESA;GO;Pires do Rio;italorgrl@hotmail.com
JOÃO CARLOS DA SILVA BARBOSA ME;16.927.786/0001-27;MICROEMPRESA;SP;Ilhabela;pedradosino@hotmail.com
BALNEARIO AGUAS DE SAO BENTO;17.223.570/0001-43;MICROEMPRESA;AL;Boca da Mata;reservasbento@gmail.com
CENTRO DE LAZER ARROIO GRANDE;17.269.856/0001-60;MICROEMPRESA;RS;Arroio do Meio;neusakorbes@hotmail.com
CAMPING GOIABEIRA;17.514.218/0001-67;MICROEMPRESA;SP;Ubatuba;EDINEIRM@YAHOO.COM.BR
CAMPING DAMASIO;17.533.848/0001-89;MICROEMPRESA;SP;Ubatuba;contato@contabilidadevanguarda.com.br
PURO & SIMPLES;17.561.474/0001-05;MICROEMPRESA;RJ;Sana;purosim@gmail.com
POUSADA GOYAZES;17.645.088/0001-00;MICROEMPRESA;GO;Goiás;gonzagavitaleconsultoria@gmail.com
CALANGOS ADVENTURE TURISMO E ESPORTE DE AVENTURA;17.846.978/0001-71;MICROEMPRESA;RJ;Silva Jardim;ja-nogueira2011@bol.com.br
CAMPING DO BETO;17.871.227/0001-05;MICROEMPRESA;SC;Paial;adelarsrodrigues@gmail.com
RESTAURANTE E CHALES PESCA E PAGUE;18.307.600/0001-62;MICROEMPRESA;AL;Piranhas;jserafim@oi.com.br
RESERVA CHAKRAGRISU;18.325.825/0001-41;MICROEMPRESA;DF;Brasília;chakragrisu@gmail.com
CAMPING CANTINHO DOCE;18.578.689/0001-00;MICROEMPRESA;RJ;Nova Friburgo;cantinhodocelumiar@gmail.com
CAMPING ESPLANADA;18.817.829/0001-47;EMPRESA DE PEQUENO PORTE;GO;Rio Quente;CAMPINGESPLANADA@TERRA.COM.BR
DANIEL EVENTOS;19.048.733/0001-24;MICROEMPRESA;RJ;Rio das Ostras;tayraecoparque@gmail.com
RECANTO 3E LLLS;19.297.212/0001-00;MICROEMPRESA;MS;Bodoquena;ln.santos1953@uol.com.br
POUSADA E CAMPING GORGULHO;20.138.553/0001-12;MICROEMPRESA;BA;Palmeiras;pousada_gorgulho@hotmail.com
TRAILER AMENDOEIRAS;20.144.997/0001-60;MICROEMPRESA;RJ;Arraial do Cabo;Campingamendoeiras@gmail.com
SÍTIO DE LAZER VALE DO PARAISO;20.158.394/0001-18;MICROEMPRESA;MS;Bodoquena;contato@valedoparaiso.com.br
Orityba eco camping;20.347.560/0001-24;MICROEMPRESA;SP;Ubatuba;ORITYBA@HOTMAIL.COM
RANCHO PICA PAU;20.709.298/0001-10;MICROEMPRESA;SP;Ubatuba;racho.picapau@gmail.com
CAMPING DALSASSO;20.726.398/0001-55;MICROEMPRESA;RS;Ipê;campingdalsasso@campingdalsasso.com.br
Camping Portal de Paraty;20.739.111/0001-21;MICROEMPRESA;RJ;Paraty;CONTARTY.VIEIRA@GMAIL.COM
RECANTO OLIVO;20.772.394/0001-03;MICROEMPRESA;PR;Medianeira;RODRIGOOLIVO6@GMAIL.COM
CAMPING RIO FORMOSO;20.898.180/0001-88;MICROEMPRESA;MS;Bonito;contato@campingrioformoso.com.br
JARDIM DA NOVA ERA;20.989.542/0001-46;MICROEMPRESA;GO;Alto Paraíso de Goiás;jardimdanovaera@gmail.com
RECANTO SAGRADO;21.332.642/0001-68;MICROEMPRESA;PR;Campo Magro;contato@recantosagrado.com.br
CAMPING PRUMIRIM;21.474.650/0001-49;MICROEMPRESA;SP;Ubatuba;juliocfneves@bol.com.br
POUSADA DANELIV;21.781.300/0001-25;MICROEMPRESA;PR;Irati;ldaneliv.22@gamail.com
POUSO E CAMPING DO CAMINHO;21.852.098/0001-85;MICROEMPRESA;GO;Pirenópolis;luciaandradelua@hotmail.com
BALNEARIO AGUAS DE BODOQUENA;21.921.616/0001-75;MICROEMPRESA;MS;Bodoquena;ESCRITORIOESTIL@UOL.COM.BR
CAMPING DAS AGUAS;22.020.347/0001-39;MICROEMPRESA;GO;Pirenópolis;sebastiaodesacurado@gmail.com
COOPERTURE-CARAJAS;22.132.866/0001-99;DEMAIS;PA;Parauapebas;cooperturecarajas@gmail.com
CHACARA DO ALEMAO - RECANTO JARDIM SILVESTRE;22.332.429/0001-19;MICROEMPRESA;SP;Vargem;aleejardim@hotmail.com
BOI CROS DO JUCA;22.529.081/0001-54;MICROEMPRESA;MT;Nobres;boiacrossdojuca@gmail.com
CAMPING VISTA DA NATUREZA;22.688.738/0001-26;MICROEMPRESA;AL;Paripueira;geiza.fernanda@hotmail.com
POUSADA MEI DA ILHA;22.694.573/0001-03;MICROEMPRESA;SP;Ilha Comprida;reservas@mundoaforaecoturismo.com
Balneário Recanto da Nona Luiza;23.125.320/0001-73;MICROEMPRESA;RS;Ibarama;marinezrz@gmail.com
ACONCHEGO DA SERRA;23.251.149/0001-49;MICROEMPRESA;MG;Carrancas;vpdle1@hotmail.com
CAMPING WEBER;23.349.088/0001-57;MICROEMPRESA;SC;São José do Cedro;campingweber@hotmail.com
BALNEARIO PRAIA GRANDE;23.406.620/0001-20;MICROEMPRESA;GO;Pirenópolis;balneariopraiagrande@hotmail.com
TERMAS OASIS PARQUE DAS AGUAS;23.569.344/0001-11;MICROEMPRESA;SC;Videira;COMERCIALOASIS@OUTLOOK.COM.BR
RECANTO DOS IPÊS EVENTOS E LOCAÇÕES;23.721.035/0001-15;MICROEMPRESA;MS;Bodoquena;edileizagomes@bol.com.br
CAMPING BAMBU;24.194.729/0001-04;MICROEMPRESA;GO;Alto Paraíso de Goiás;GAHBIGALVAO@GMAIL.COM
CACHOEIRAS BAR;24.249.509/0001-30;MICROEMPRESA;GO;Pirenópolis;sec.turismo@pirenopolis.go.gov.br
CAMPING NAMASTE VISTA PARA OMAR;24.341.595/0001-07;MICROEMPRESA;SP;Guarujá;namastecamping@gmail.com
REMO;24.399.185/0001-17;MICROEMPRESA;GO;Aurilândia;BENFICACONTABILIDADE@GMAIL.COM
POUSADA UATUMA ECO FISHING;24.493.863/0001-06;MICROEMPRESA;AM;Balbina;jpbalbina@gmail.com
RADICAL EXTREME SPORTS LTDA ME;24.504.541/0001-15;MICROEMPRESA;SC;Rio Negrinho;radicalextremesports@gmail.com
MARAJO TURISMO;24.582.326/0001-32;MICROEMPRESA;PA;Soure;florbela.7@hotmail.com
CAMPOS MISTICOS;24.676.250/0001-04;MICROEMPRESA;MG;Munhoz;campos.misticos@gmail.com
PARQUE DO COQUEIRO;24.694.203/0001-93;MICROEMPRESA;GO;Pirenópolis;bollivar@gmail.com
CACHOEIRA PEREHOUSKI;24.857.976/0001-43;MICROEMPRESA;PR;Prudentópolis;recantoperehouski@gmail.com
CAMPING E HOSTEL REFUGIO DOS HORIZONTES;24.915.276/0001-68;MICROEMPRESA;MG;Catas Altas;reserva@circuitosturismo.com.br
RECANTO JEQUITIBA;26.420.067/0001-79;MICROEMPRESA;DF;Brasília;jequitbapesca@gmail.com
ALDEIA MARACAJAU - CAMPING & CHALES;26.547.400/0001-05;MICROEMPRESA;RN;Maxaranguape;ruda_barros@hotmail.com
CHACARA DOS MIRANTES - ECOTURISMO & GEOTURISMO;26.803.447/0001-92;MICROEMPRESA;MS;Piraputanga;m.lucia_67@hotmail.com
SHOW DA NATUREZA;26.899.870/0001-38;MICROEMPRESA;AL;Olho D'Água do Casado;LOURIVALSHOWDANATUREZA17@GMAIL.COM
CAPITOLIO CAMPING;26.955.686/0001-68;MICROEMPRESA;MG;Capitólio;capitoliocamping@gmail.com
CAMPING DECOL;26.972.536/0001-62;MICROEMPRESA;SC;Belmonte;robsondecol@yahoo.com.br
RESTAURANTE E POUSADA PARAISO DAS PEDRAS;27.101.592/0001-94;MICROEMPRESA;RS;Nova Bréscia;paraisodaspedras_nb@yahoo.com.br
ESCRITORIO DA CHAPADA;27.211.016/0001-08;MICROEMPRESA;GO;Teresina de Goiás;lucianoreisborges01@gmail.com
CAMPING PICUA;27.272.984/0001-16;MICROEMPRESA;RR;Amajari;tayna_tepequem@hotmail.com
CAMPING MARATAÍZES;27.435.072/0001-18;EMPRESA DE PEQUENO PORTE;ES;Marataízes;campingdosiri@terra.com.br
IBATE CAMPING;27.549.453/0001-28;MICROEMPRESA;PB;Baía da Traição;ibatecamping@gmail.com
BOCAINA ECO ADVENTURE;27.550.827/0001-25;MICROEMPRESA;SP;Bananal;mailbox.breves@gmail.com
ESTANCIA CEU DE AGARTHA POUSADA & CHARM CAMPING;27.738.339/0001-46;MICROEMPRESA;GO;Alto Paraíso de Goiás;ceudeagartha@gmail.com
CAMPING DA AMIZADE;27.801.204/0001-88;MICROEMPRESA;RS;Picada São Jacob;CAMPINGDAAMIZADE16@GMAIL.COM
METODO EVENTOS;28.138.556/0001-68;MICROEMPRESA;SP;Itararé;galokura@hotmail.com
ALMANAQUE***CAMPCASA*CAMACAFE*;28.276.949/0001-38;MICROEMPRESA;RJ;Nova Friburgo;almanaquelumiar@gmail.com
Manga Rock Bar/Camping;28.295.740/0001-11;MICROEMPRESA;SC;Pomerode;betinaeb@hotmail.com
CAMPING POUSADA PICO DA GALERA;28.300.402/0001-20;MICROEMPRESA;RS;Maquiné;lizey_lika@hotmail.com
CAMPING MANACA DA SERRA;28.388.872/0001-98;MICROEMPRESA;ES;Divino de São Lourenço;campingmanacadaserra@outlook.com
CAMPING MUCUGÊ;28.406.496/0001-17;MICROEMPRESA;BA;Mucugê;contato@depoisdacurva.com.br
RECANTO DAS COLINAS SCAPINI;28.575.585/0001-97;MICROEMPRESA;SC;Vargem;turismo@vargem.sc.gov.br
MUNDOMO GLAMPING;28.620.390/0001-11;MICROEMPRESA;CE;Jijoca de Jericoacoara;mundomojeri@gmail.com
RECANTO FAMILIAR ILHA DO SOL;28.809.284/0001-80;MICROEMPRESA;PR;Medianeira;turismo@medianeira.pr.gov.br
BALNEARIO E CAMPING SANTUARIO DO PRATA;28.820.192/0001-00;MICROEMPRESA;MS;Jardim;iaradamatarodrigues@hotmail.com
BALNEARIO VO ILARIO;28.826.921/0001-27;MICROEMPRESA;RS;Morrinhos do Sul;rbmcontabilidade@hotmail.com
CANASTRA TURISMO;29.047.171/0001-58;MICROEMPRESA;MG;São João Batista do Glória;reservas@paraisoperdido.com.br
FILHOS DO MUNDO;29.217.407/0001-57;MICROEMPRESA;AL;Marechal Deodoro;tatyfrances2017@gmail.com
SITIO DO TIO PRETO;29.385.281/0001-20;MICROEMPRESA;RR;Boa Vista;sitiodotiopreto@gmail.com
CAICARA CAMPING E ESTACIONAMENTO JP;29.461.455/0001-96;MICROEMPRESA;RJ;Paraty;manuerangel@hotmail.com
RECANTO ECO-GUARAGUACU;29.558.736/0001-61;MICROEMPRESA;PR;Pontal do Paraná;sidneiquality@hotmail.com
POUSADA SAO FRANCISCO DE ASSIS DO PETAR;29.653.075/0001-53;MICROEMPRESA;SP;Iporanga;pedro.aac@hotmail.com
BALNEARIO CABECEIRA DO BETIONE;29.729.305/0001-10;MICROEMPRESA;MS;Bodoquena;cabeceiradobetione@hotmail.com
POUSADA DOS TUCANOS;29.876.205/0001-17;MICROEMPRESA;MG;São Thomé das Letras;pousada.tucanos@bol.com.br
REFUGIO DO RAIZ CAMPING;30.190.008/0001-29;MICROEMPRESA;MA;Carolina;ivyenne.matos@gmail.com
VALE DAS TRILHAS ECOTURISMO;30.196.072/0001-17;MICROEMPRESA;SP;Tapiraí;valedastrilhas@gmail.com
SILVIO RODRIGUES SOUTO;30.283.927/0001-47;MICROEMPRESA;MT;Nobres;cerquinhasilvio@gmail.com
PETROLANDIA SUB;30.499.541/0001-77;MICROEMPRESA;PE;Petrolândia;samyrkiss@hotmail.com
LAGOA DO JAPONES;30.572.560/0001-81;MICROEMPRESA;TO;Pindorama do Tocantins;lagoadojapones@hotmail.com
Camping Sítio dos Coqueiros;30.877.607/0001-15;MICROEMPRESA;MG;Luminárias;sitiodoscoqueiroscamping@gmail.com
REFUGIO DAS CURUCACAS;31.044.930/0001-70;MICROEMPRESA;PR;Itaiacoca;guilherme@refugiodascurucacas.com.br
CHACARA RANCHO ALEGRE;31.217.986/0001-80;MICROEMPRESA;MT;Peixoto de Azevedo;almeidarafael1994melo@gmail.com
CASA DA GAMBOA HOSTEL & CAMPING;31.451.827/0001-45;MICROEMPRESA;BA;Cairu;matheuslarrossa@gmail.com
BALNEARIO RAIO DO SOL;31.537.564/0001-91;MICROEMPRESA;PR;Faxinal;marisadobalneario02@gmail.com
CAMPING & HOSTEL PARAISO ALTERNATIVO;31.622.963/0001-50;MICROEMPRESA;MT;Chapada dos Guimarães;campingparaisoalternativo@gmail.com
VILA CANASTRA HOSPEDAGEM E TURISMO;31.668.804/0001-97;MICROEMPRESA;MG;São Roque de Minas;Williancanastra@gmail.com
BLNEARIO RONCADOR;31.800.732/0001-90;MICROEMPRESA;RS;Porto Vera Cruz;rudineiperini@gmail.com
POUSADA ALEGRIA DO PANTANAL;31.868.918/0001-80;MICROEMPRESA;MS;Rio Verde de Mato Grosso;kkcicarelli@terra.com.br
PESQUE E PAGUE FAMILIA OLIVEIRA;32.142.459/0001-16;MICROEMPRESA;RS;Nicolau Vergueiro;luana_santos1993@hotmail.com
JO VIAJOU TURISMO;32.220.702/0001-77;MICROEMPRESA;RR;Boa Vista;joviajou@gmail.com
INVERNADA DOS MACACOS;32.231.562/0001-32;MICROEMPRESA;RS;Machadinho;ferreira.eduardo@outlook.com.br
CAMPING RECANTO FARAO;32.385.258/0001-40;MICROEMPRESA;GO;Cocalzinho de Goiás;CONTABILIDADE@EDINHONET.COM
CHACARA DAS ORQUIDEAS - HOSPEDAGEM E EVENTOS;32.500.327/0001-19;MICROEMPRESA;SP;Barra do Turvo;raphaelcarlos.nascimento@gmail.com
SITIO BELA VISTA;32.721.328/0001-93;MICROEMPRESA;SP;Miracatu;nenel.naza@hotmail.com
ROSA SURF HOSTEL & FOOD;32.839.058/0001-10;MICROEMPRESA;SC;Imbituba;contato@rosasurf.com
STL VALLEY;32.859.376/0001-42;MICROEMPRESA;MG;São Thomé das Letras;FINANCEIRO@IPASS.COM.BR
SUPER PARADISE;33.001.122/0001-51;MICROEMPRESA;PB;Rio Tinto;melluna.bio@gmail.com
"T.S.J.B"""" TURISMO";33.109.663/0001-06;MICROEMPRESA;SP;Castilho;vilma.queiroz30.49@gmail.com
CAMPING PICO DO OLHO D ÁGUA ;33.434.208/0001-78;MICROEMPRESA;SP;Mairiporã;COELHOMAIRIPA@HOTMAIL.COM
SESC SERRA AZUL;33.469.164/0028-31;DEMAIS;MT;Rosário Oeste;reservas@sescpantanal.com.br
WINCHESTER ADVENTURE - ECOHOSTEL, CAMPING & MOTORHOME;33.469.318/0001-75;MICROEMPRESA;MG;Bueno Brandão;milso1@bol.com.br
RECANTO SAO JORGE;33.719.963/0001-07;MICROEMPRESA;PA;Itupiranga;mariapinheiropinheiro4114@gmail.com
POUSADA E CAMPING JORAI;34.649.224/0001-40;MICROEMPRESA;SP;Bertioga;abcpaintball@bol.com.br
Camping Caiçara;34.958.155/0001-57;MICROEMPRESA;RJ;Paraty;perrutkelibia@gmail.com
Sitio Ecologico Parar Pra Ver;35.050.554/0001-88;MICROEMPRESA;PA;Curuçá;fale.com.rn@gmail.com
RANCHO DO ELY - PESQUEIRO E CAMPING;35.107.791/0001-38;MICROEMPRESA;MS;Aquidauana;ranchodoely.2019@gmail.com
ECOCAMPS;35.572.032/0001-46;DEMAIS;TO;Mateiros;CINTHIA@KORUBO.COM.BR
FLORA;35.584.975/0001-99;MICROEMPRESA;RJ;Paraty;MFLORENCIAVIDAL@GMAIL.COM
CAMPING ATOBA;35.739.719/0001-23;MICROEMPRESA;RJ;Paraty;PARATICONTABILIDADE@GMAIL.COM
MARIMBAR CAMPING;35.741.428/0001-70;MICROEMPRESA;RJ;Paraty;nadialopescoelho@gmail.com
CAMPING DA LINETE;35.752.058/0001-76;MICROEMPRESA;RJ;Paraty;linetesantosconceicao@gmail.com
MATA ZEN;35.774.144/0001-80;MICROEMPRESA;GO;São Jorge;MATAZENHOSPEDAGEM@GMAIL.COM
CAMPING PITANGAS SEU NICO;36.108.085/0001-73;MICROEMPRESA;RJ;Paraty;vanusasono@gmail.com
Casa Amarela;36.394.255/0001-23;MICROEMPRESA;GO;Alto Paraíso de Goiás;TEKASIMON@LIVE.COM
OCA YOLO;36.505.051/0001-12;MICROEMPRESA;RS;Nova Petrópolis;ocayolo@outlook.com.br
CAMPING DAS PEDRAS;48.995.013/0001-74;MICROEMPRESA;SP;Itu;rita.pedras@terra.com.br
BROTAS ECO RESORT;53.687.315/0001-15;MICROEMPRESA;SP;Brotas;sergio@peraltas.com.br
IWASHI SERVICOS DE ALOJAMENTOS LTDA - ME;61.227.906/0001-38;MICROEMPRESA;SP;Ubatuba;itaguacamping@itaguacamping.com.br
RIO MAR CAMPING;65.078.362/0001-40;MICROEMPRESA;SP;Ubatuba;lucinda_lux@hotmail.com
RESTAURANTE J B GUIMARAES;65.776.650/0001-79;MICROEMPRESA;SP;Valinhos;camping@macuco.com.br
ACORDE;68.843.630/0001-61;MICROEMPRESA;RJ;Angra dos Reis;campingdoglauco@gmail.com
CAMPING MURO DE PEDRA;71.244.867/0001-30;MICROEMPRESA;MG;Jaboticatubas;CALCULOS@UAI.COM.BR
POUSADA DUNAS DO PERÓ;73.637.274/0001-60;MICROEMPRESA;RJ;Cabo Frio;pousadadunasdopero@outlook.com.br
Camping Primavera;73.779.886/0001-97;MICROEMPRESA;SC;Arvoredo;campingprimavera@hotmail.com
MAY-LI CAMPING & SERVICOS DE HOSPEDAGEM LTDA - ME;74.290.917/0001-04;MICROEMPRESA;SP;Ubatuba;campingcaracol@gmail.com
CAMPING 4 ILHAS;78.268.935/0001-40;MICROEMPRESA;SC;Bombinhas;nilo@henrixavier.adv.br
Recanto Saltinho;80.803.653/0001-48;MICROEMPRESA;PR;Tijucas do Sul;janedifa@gmail.com
CITY PARK;84.540.426/0001-28;MICROEMPRESA;AM;Manaus;oponetoturismo@gmail.com
CAMPING PARAISO TROPICAL;85.220.101/0001-20;MICROEMPRESA;SC;Bombinhas;marcelo@dpncont.com.br
Gramado Camping;92.734.854/0001-10;MICROEMPRESA;RS;Gramado;gramadocamping@hotmail.com
Recanto Familiar;95.358.271/0001-20;MICROEMPRESA;PR;Serranópolis do Iguaçu;RECANTOFAMILIAR01@HOTMAIL.COM
Camping Lagoamar;95.802.336/0001-84;MICROEMPRESA;SC;Garopaba;jacone@lagoamar.com.br
ACAMPAMENTO RECANTO DO SAUA;00.636.003/0001-16;MICROEMPRESA;SP;Monteiro Lobato;JOBEC_CONTABIL@HOTMAIL.COM
Parque São Bernardo;01.007.816/0001-00;MICROEMPRESA;SC;Rio dos Cedros;parque@saobernardo.tur.br
VALE D'AVENTURA;06.369.312/0001-53;MICROEMPRESA;PR;Matelândia;valedaventura@hotmail.com
TRIBO DE GAIA;07.699.570/0001-60;MICROEMPRESA;ES;Itaúnas;tribodegaiaitaunas@gmail.com
FLAMBOYANT;08.941.022/0001-68;MICROEMPRESA;SP;Ilhabela;campingflamboyant@gmail.com
POUSADA E CAMPING DO CLARO;09.515.243/0001-37;MICROEMPRESA;MG;Delfinópolis;dorinha@campingcasadepedra.com.br
GRUPO TRIBO DA TRILHA ATIVIDADES OUTDOORS;10.978.134/0001-35;MICROEMPRESA;PE;Recife;kelson@tribodatrilhape.com.br
GNOMOS TURISMO E EVENTOS;12.131.671/0001-70;MICROEMPRESA;RJ;Sana;vandercastromelo@gmail.com
T. R. VICTER CAMPING;12.518.196/0001-90;MICROEMPRESA;RJ;Silva Jardim;thiagoaldeiadobambu@yahoo.com.br
BOARETTO EMPREENDIMENTOS;15.512.048/0001-56;MICROEMPRESA;SP;Socorro;CONTABILIDADEGOLO@HOTMAIL.COM
CAMPING DO PAIOL;16.506.223/0001-65;MICROEMPRESA;SP;Águas da Prata;campingdopaiol@yahoo.com.br
TIO MIRO ACAMPAMENTOS;17.866.147/0001-61;MICROEMPRESA;PR; - ;tmaacampamentos@gmail.com
SANTUARIO VITORIA REGIA;18.826.532/0001-48;MICROEMPRESA;PR;Antonina;santuariovitoriaregia@gmail.com
COMPLEXO RETIRO DOS PADRES;18.912.186/0002-00;MICROEMPRESA;SC;Bombinhas;contatocamping@gmail.com
POUSADA PESCA VIDA DURA RIO JURUENA;21.249.395/0001-30;MICROEMPRESA;MT;Nova Bandeirantes;contato@pousadapescavidadura.com.br
RENATO AGOSTINI;24.565.842/0001-59;MICROEMPRESA;MG;Tiradentes;campingtiradentes@hotmail.com
RECANTO DO DESCANSO GOERGEN;26.838.053/0001-70;MICROEMPRESA;SC;Itapiranga;rdgoergen@gmail.com
CAMPING BEIRA MAR;26.853.591/0002-14;MICROEMPRESA;PR;Pontal do Paraná;rodolfo@campinbeiramar.com.br
CHARLES LLOSA ROYLE;28.443.070/0001-33;MICROEMPRESA;MG;Passa Quatro;charlesllosa@gmail.com
CAMPING E HOSTEL BEIJA FLOR LTDA;28.743.856/0001-76;MICROEMPRESA;MG;Capitólio;atendimento@campingehostelbeijaflor.com.br
POUSADA RECANTO DO SURUBIM;30.700.853/0001-05;MICROEMPRESA;MG;São Roque de Minas;elisangela-bras@hotmail.com
IATE CLUBE RIO VERDE;33.630.956/0001-26;MICROEMPRESA;SP;Ilha Comprida;JACCICONTABIL@IG.COM.BR
SITIO VIVENDA VERDE;34.488.369/0001-07;MICROEMPRESA;SC;Itapiranga;elaine@sitiovivendaverde.com.br
RESENHARIA BAR E PETISCARIA;34.654.414/0001-56;MICROEMPRESA;RN;Portalegre;ESSENCIACONTABIL@HOTMAIL.COM
CAMPING TOCA DA ONCA;35.294.778/0001-35;MICROEMPRESA;RJ;Juá;CAMPINGTOCADAONCA@GMAIL.COM
POUSADA CASULO DO CERRADO;36.627.445/0001-43;MICROEMPRESA;GO;Alto Paraíso de Goiás;WESLEY.CAMPELO21@GMAIL.COM
BALNEARIO LAGO AZUL;36.942.746/0001-61;MICROEMPRESA;MT;Mirassol D'Oeste;balneariolagoazulmtbr@gmail.com
PESQUE PAGUE DO JAIR;37.088.286/0001-19;MICROEMPRESA;MT;Juscimeira;PESQUEPAGUEDOJAIRJUSC@GMAIL.COM
LAGOA AZUL PARK;37.377.655/0001-93;MICROEMPRESA;AM;Presidente Figueiredo;WILLIAMMARCELO410@GMAIL.COM
POUSADA & CAMPING SERRAS VERDES;39.561.576/0001-63;MICROEMPRESA;RJ;Valença;serrasverdes@uol.com.br
CHAPÉU DE SOL CAMPING E COMÉRCIO LTDA ME;53.073.979/0001-94;MICROEMPRESA;SP;Itu;CONTATO@CAMPINGCHAPEUDESOL.COM.BR
CAMPING FAZENDA RECANTO DOS CARVALHOS;66.481.490/0001-01;MICROEMPRESA;MG;Pouso Alto;fazenda@recantodoscarvalhos.com.br
